--
-- PostgreSQL database dump
--

-- Dumped from database version 17.4
-- Dumped by pg_dump version 17.4

SET statement_timeout = 0;
SET lock_timeout = 0;
SET idle_in_transaction_session_timeout = 0;
SET transaction_timeout = 0;
SET client_encoding = 'UTF8';
SET standard_conforming_strings = on;
SELECT pg_catalog.set_config('search_path', '', false);
SET check_function_bodies = false;
SET xmloption = content;
SET client_min_messages = warning;
SET row_security = off;

SET default_tablespace = '';

SET default_table_access_method = heap;

--
-- Name: adaptive_engine_adaptiverecomendation; Type: TABLE; Schema: public; Owner: -
--

CREATE TABLE public.adaptive_engine_adaptiverecomendation (
    id bigint NOT NULL,
    recommendation_type character varying(50) NOT NULL,
    recommendation_description text NOT NULL,
    created_at timestamp with time zone NOT NULL,
    module_id_id bigint NOT NULL,
    user_id_id bigint NOT NULL,
    attempt_number integer,
    score_at_time double precision
);


--
-- Name: adaptive_engine_adaptiverecomendation_id_seq; Type: SEQUENCE; Schema: public; Owner: -
--

ALTER TABLE public.adaptive_engine_adaptiverecomendation ALTER COLUMN id ADD GENERATED BY DEFAULT AS IDENTITY (
    SEQUENCE NAME public.adaptive_engine_adaptiverecomendation_id_seq
    START WITH 1
    INCREMENT BY 1
    NO MINVALUE
    NO MAXVALUE
    CACHE 1
);


--
-- Name: auth_group; Type: TABLE; Schema: public; Owner: -
--

CREATE TABLE public.auth_group (
    id integer NOT NULL,
    name character varying(150) NOT NULL
);


--
-- Name: auth_group_id_seq; Type: SEQUENCE; Schema: public; Owner: -
--

ALTER TABLE public.auth_group ALTER COLUMN id ADD GENERATED BY DEFAULT AS IDENTITY (
    SEQUENCE NAME public.auth_group_id_seq
    START WITH 1
    INCREMENT BY 1
    NO MINVALUE
    NO MAXVALUE
    CACHE 1
);


--
-- Name: auth_group_permissions; Type: TABLE; Schema: public; Owner: -
--

CREATE TABLE public.auth_group_permissions (
    id bigint NOT NULL,
    group_id integer NOT NULL,
    permission_id integer NOT NULL
);


--
-- Name: auth_group_permissions_id_seq; Type: SEQUENCE; Schema: public; Owner: -
--

ALTER TABLE public.auth_group_permissions ALTER COLUMN id ADD GENERATED BY DEFAULT AS IDENTITY (
    SEQUENCE NAME public.auth_group_permissions_id_seq
    START WITH 1
    INCREMENT BY 1
    NO MINVALUE
    NO MAXVALUE
    CACHE 1
);


--
-- Name: auth_permission; Type: TABLE; Schema: public; Owner: -
--

CREATE TABLE public.auth_permission (
    id integer NOT NULL,
    name character varying(255) NOT NULL,
    content_type_id integer NOT NULL,
    codename character varying(100) NOT NULL
);


--
-- Name: auth_permission_id_seq; Type: SEQUENCE; Schema: public; Owner: -
--

ALTER TABLE public.auth_permission ALTER COLUMN id ADD GENERATED BY DEFAULT AS IDENTITY (
    SEQUENCE NAME public.auth_permission_id_seq
    START WITH 1
    INCREMENT BY 1
    NO MINVALUE
    NO MAXVALUE
    CACHE 1
);


--
-- Name: courses_answer; Type: TABLE; Schema: public; Owner: -
--

CREATE TABLE public.courses_answer (
    id bigint NOT NULL,
    answer_text character varying(500) NOT NULL,
    is_correct boolean NOT NULL,
    qustion_id_id bigint NOT NULL
);


--
-- Name: courses_answer_id_seq; Type: SEQUENCE; Schema: public; Owner: -
--

ALTER TABLE public.courses_answer ALTER COLUMN id ADD GENERATED BY DEFAULT AS IDENTITY (
    SEQUENCE NAME public.courses_answer_id_seq
    START WITH 1
    INCREMENT BY 1
    NO MINVALUE
    NO MAXVALUE
    CACHE 1
);


--
-- Name: courses_course; Type: TABLE; Schema: public; Owner: -
--

CREATE TABLE public.courses_course (
    id bigint NOT NULL,
    title character varying(100) NOT NULL,
    description text NOT NULL,
    difficulty_level integer NOT NULL,
    is_published boolean NOT NULL,
    created_at timestamp with time zone NOT NULL,
    updated_at timestamp with time zone NOT NULL,
    author_id bigint NOT NULL,
    image character varying(100)
);


--
-- Name: courses_course_id_seq; Type: SEQUENCE; Schema: public; Owner: -
--

ALTER TABLE public.courses_course ALTER COLUMN id ADD GENERATED BY DEFAULT AS IDENTITY (
    SEQUENCE NAME public.courses_course_id_seq
    START WITH 1
    INCREMENT BY 1
    NO MINVALUE
    NO MAXVALUE
    CACHE 1
);


--
-- Name: courses_lesson; Type: TABLE; Schema: public; Owner: -
--

CREATE TABLE public.courses_lesson (
    id bigint NOT NULL,
    title character varying(100) NOT NULL,
    content text NOT NULL,
    content_type character varying(100) NOT NULL,
    order_index integer NOT NULL,
    created_at timestamp with time zone NOT NULL,
    module_id_id bigint NOT NULL,
    video_url character varying(200)
);


--
-- Name: courses_lesson_id_seq; Type: SEQUENCE; Schema: public; Owner: -
--

ALTER TABLE public.courses_lesson ALTER COLUMN id ADD GENERATED BY DEFAULT AS IDENTITY (
    SEQUENCE NAME public.courses_lesson_id_seq
    START WITH 1
    INCREMENT BY 1
    NO MINVALUE
    NO MAXVALUE
    CACHE 1
);


--
-- Name: courses_lessonprogress; Type: TABLE; Schema: public; Owner: -
--

CREATE TABLE public.courses_lessonprogress (
    id bigint NOT NULL,
    is_completed boolean NOT NULL,
    completed_at timestamp with time zone,
    lesson_id_id bigint NOT NULL,
    user_id_id bigint NOT NULL
);


--
-- Name: courses_lessonprogress_id_seq; Type: SEQUENCE; Schema: public; Owner: -
--

ALTER TABLE public.courses_lessonprogress ALTER COLUMN id ADD GENERATED BY DEFAULT AS IDENTITY (
    SEQUENCE NAME public.courses_lessonprogress_id_seq
    START WITH 1
    INCREMENT BY 1
    NO MINVALUE
    NO MAXVALUE
    CACHE 1
);


--
-- Name: courses_module; Type: TABLE; Schema: public; Owner: -
--

CREATE TABLE public.courses_module (
    id bigint NOT NULL,
    title character varying(100) NOT NULL,
    description text NOT NULL,
    order_index integer NOT NULL,
    difficulty_level integer NOT NULL,
    created_at timestamp with time zone NOT NULL,
    course_id_id bigint NOT NULL,
    estimated_hours integer
);


--
-- Name: courses_module_id_seq; Type: SEQUENCE; Schema: public; Owner: -
--

ALTER TABLE public.courses_module ALTER COLUMN id ADD GENERATED BY DEFAULT AS IDENTITY (
    SEQUENCE NAME public.courses_module_id_seq
    START WITH 1
    INCREMENT BY 1
    NO MINVALUE
    NO MAXVALUE
    CACHE 1
);


--
-- Name: courses_modulematerial; Type: TABLE; Schema: public; Owner: -
--

CREATE TABLE public.courses_modulematerial (
    id bigint NOT NULL,
    title character varying(200) NOT NULL,
    material_type character varying(20) NOT NULL,
    url character varying(200),
    content text,
    order_index integer NOT NULL,
    is_required boolean NOT NULL,
    is_advanced boolean NOT NULL,
    module_id bigint NOT NULL
);


--
-- Name: courses_modulematerial_id_seq; Type: SEQUENCE; Schema: public; Owner: -
--

ALTER TABLE public.courses_modulematerial ALTER COLUMN id ADD GENERATED BY DEFAULT AS IDENTITY (
    SEQUENCE NAME public.courses_modulematerial_id_seq
    START WITH 1
    INCREMENT BY 1
    NO MINVALUE
    NO MAXVALUE
    CACHE 1
);


--
-- Name: courses_question; Type: TABLE; Schema: public; Owner: -
--

CREATE TABLE public.courses_question (
    id bigint NOT NULL,
    test_id_id bigint NOT NULL,
    question_text character varying(500) NOT NULL,
    question_type character varying(100) NOT NULL,
    points integer NOT NULL,
    keyword character varying(100),
    topic character varying(100)
);


--
-- Name: courses_question_id_seq; Type: SEQUENCE; Schema: public; Owner: -
--

ALTER TABLE public.courses_question ALTER COLUMN id ADD GENERATED BY DEFAULT AS IDENTITY (
    SEQUENCE NAME public.courses_question_id_seq
    START WITH 1
    INCREMENT BY 1
    NO MINVALUE
    NO MAXVALUE
    CACHE 1
);


--
-- Name: courses_studentmaterialprogress; Type: TABLE; Schema: public; Owner: -
--

CREATE TABLE public.courses_studentmaterialprogress (
    id bigint NOT NULL,
    viewed boolean NOT NULL,
    viewed_at timestamp with time zone,
    material_id bigint NOT NULL,
    student_id bigint NOT NULL
);


--
-- Name: courses_studentmaterialprogress_id_seq; Type: SEQUENCE; Schema: public; Owner: -
--

ALTER TABLE public.courses_studentmaterialprogress ALTER COLUMN id ADD GENERATED BY DEFAULT AS IDENTITY (
    SEQUENCE NAME public.courses_studentmaterialprogress_id_seq
    START WITH 1
    INCREMENT BY 1
    NO MINVALUE
    NO MAXVALUE
    CACHE 1
);


--
-- Name: courses_test; Type: TABLE; Schema: public; Owner: -
--

CREATE TABLE public.courses_test (
    id bigint NOT NULL,
    title character varying(255) NOT NULL,
    passing_score integer NOT NULL,
    max_score integer NOT NULL,
    created_at timestamp with time zone NOT NULL,
    module_id_id bigint NOT NULL
);


--
-- Name: courses_test_id_seq; Type: SEQUENCE; Schema: public; Owner: -
--

ALTER TABLE public.courses_test ALTER COLUMN id ADD GENERATED BY DEFAULT AS IDENTITY (
    SEQUENCE NAME public.courses_test_id_seq
    START WITH 1
    INCREMENT BY 1
    NO MINVALUE
    NO MAXVALUE
    CACHE 1
);


--
-- Name: courses_testresult; Type: TABLE; Schema: public; Owner: -
--

CREATE TABLE public.courses_testresult (
    id bigint NOT NULL,
    is_correct boolean NOT NULL,
    created_at timestamp with time zone NOT NULL,
    module_id_id bigint NOT NULL,
    question_id bigint NOT NULL,
    selected_answer_id bigint NOT NULL,
    user_id_id bigint NOT NULL
);


--
-- Name: courses_testresult_id_seq; Type: SEQUENCE; Schema: public; Owner: -
--

ALTER TABLE public.courses_testresult ALTER COLUMN id ADD GENERATED BY DEFAULT AS IDENTITY (
    SEQUENCE NAME public.courses_testresult_id_seq
    START WITH 1
    INCREMENT BY 1
    NO MINVALUE
    NO MAXVALUE
    CACHE 1
);


--
-- Name: courses_user_progerss; Type: TABLE; Schema: public; Owner: -
--

CREATE TABLE public.courses_user_progerss (
    id bigint NOT NULL,
    score integer NOT NULL,
    attempts integer NOT NULL,
    time_spent integer NOT NULL,
    status character varying(100) NOT NULL,
    created_at timestamp with time zone NOT NULL,
    module_id_id bigint NOT NULL,
    user_id_id bigint NOT NULL,
    completed_at timestamp with time zone,
    improvement_rate double precision NOT NULL,
    weak_topics jsonb NOT NULL,
    lesson_id bigint
);


--
-- Name: courses_user_progerss_id_seq; Type: SEQUENCE; Schema: public; Owner: -
--

ALTER TABLE public.courses_user_progerss ALTER COLUMN id ADD GENERATED BY DEFAULT AS IDENTITY (
    SEQUENCE NAME public.courses_user_progerss_id_seq
    START WITH 1
    INCREMENT BY 1
    NO MINVALUE
    NO MAXVALUE
    CACHE 1
);


--
-- Name: django_admin_log; Type: TABLE; Schema: public; Owner: -
--

CREATE TABLE public.django_admin_log (
    id integer NOT NULL,
    action_time timestamp with time zone NOT NULL,
    object_id text,
    object_repr character varying(200) NOT NULL,
    action_flag smallint NOT NULL,
    change_message text NOT NULL,
    content_type_id integer,
    user_id bigint NOT NULL,
    CONSTRAINT django_admin_log_action_flag_check CHECK ((action_flag >= 0))
);


--
-- Name: django_admin_log_id_seq; Type: SEQUENCE; Schema: public; Owner: -
--

ALTER TABLE public.django_admin_log ALTER COLUMN id ADD GENERATED BY DEFAULT AS IDENTITY (
    SEQUENCE NAME public.django_admin_log_id_seq
    START WITH 1
    INCREMENT BY 1
    NO MINVALUE
    NO MAXVALUE
    CACHE 1
);


--
-- Name: django_content_type; Type: TABLE; Schema: public; Owner: -
--

CREATE TABLE public.django_content_type (
    id integer NOT NULL,
    app_label character varying(100) NOT NULL,
    model character varying(100) NOT NULL
);


--
-- Name: django_content_type_id_seq; Type: SEQUENCE; Schema: public; Owner: -
--

ALTER TABLE public.django_content_type ALTER COLUMN id ADD GENERATED BY DEFAULT AS IDENTITY (
    SEQUENCE NAME public.django_content_type_id_seq
    START WITH 1
    INCREMENT BY 1
    NO MINVALUE
    NO MAXVALUE
    CACHE 1
);


--
-- Name: django_migrations; Type: TABLE; Schema: public; Owner: -
--

CREATE TABLE public.django_migrations (
    id bigint NOT NULL,
    app character varying(255) NOT NULL,
    name character varying(255) NOT NULL,
    applied timestamp with time zone NOT NULL
);


--
-- Name: django_migrations_id_seq; Type: SEQUENCE; Schema: public; Owner: -
--

ALTER TABLE public.django_migrations ALTER COLUMN id ADD GENERATED BY DEFAULT AS IDENTITY (
    SEQUENCE NAME public.django_migrations_id_seq
    START WITH 1
    INCREMENT BY 1
    NO MINVALUE
    NO MAXVALUE
    CACHE 1
);


--
-- Name: django_session; Type: TABLE; Schema: public; Owner: -
--

CREATE TABLE public.django_session (
    session_key character varying(40) NOT NULL,
    session_data text NOT NULL,
    expire_date timestamp with time zone NOT NULL
);


--
-- Name: notifications_notification; Type: TABLE; Schema: public; Owner: -
--

CREATE TABLE public.notifications_notification (
    id bigint NOT NULL,
    title character varying(255) NOT NULL,
    message text NOT NULL,
    notification_type character varying(50) NOT NULL,
    is_read boolean NOT NULL,
    created_at timestamp with time zone NOT NULL,
    user_id bigint NOT NULL
);


--
-- Name: notifications_notification_id_seq; Type: SEQUENCE; Schema: public; Owner: -
--

ALTER TABLE public.notifications_notification ALTER COLUMN id ADD GENERATED BY DEFAULT AS IDENTITY (
    SEQUENCE NAME public.notifications_notification_id_seq
    START WITH 1
    INCREMENT BY 1
    NO MINVALUE
    NO MAXVALUE
    CACHE 1
);


--
-- Name: users_customuser; Type: TABLE; Schema: public; Owner: -
--

CREATE TABLE public.users_customuser (
    id bigint NOT NULL,
    password character varying(128) NOT NULL,
    last_login timestamp with time zone,
    is_superuser boolean NOT NULL,
    username character varying(150) NOT NULL,
    first_name character varying(150) NOT NULL,
    last_name character varying(150) NOT NULL,
    email character varying(254) NOT NULL,
    is_staff boolean NOT NULL,
    is_active boolean NOT NULL,
    date_joined timestamp with time zone NOT NULL,
    role character varying(20) NOT NULL,
    patronymic character varying(50) NOT NULL,
    avatar character varying(100),
    bio text,
    email_notifications boolean NOT NULL,
    phone character varying(20),
    push_notifications boolean NOT NULL
);


--
-- Name: users_customuser_groups; Type: TABLE; Schema: public; Owner: -
--

CREATE TABLE public.users_customuser_groups (
    id bigint NOT NULL,
    customuser_id bigint NOT NULL,
    group_id integer NOT NULL
);


--
-- Name: users_customuser_groups_id_seq; Type: SEQUENCE; Schema: public; Owner: -
--

ALTER TABLE public.users_customuser_groups ALTER COLUMN id ADD GENERATED BY DEFAULT AS IDENTITY (
    SEQUENCE NAME public.users_customuser_groups_id_seq
    START WITH 1
    INCREMENT BY 1
    NO MINVALUE
    NO MAXVALUE
    CACHE 1
);


--
-- Name: users_customuser_id_seq; Type: SEQUENCE; Schema: public; Owner: -
--

ALTER TABLE public.users_customuser ALTER COLUMN id ADD GENERATED BY DEFAULT AS IDENTITY (
    SEQUENCE NAME public.users_customuser_id_seq
    START WITH 1
    INCREMENT BY 1
    NO MINVALUE
    NO MAXVALUE
    CACHE 1
);


--
-- Name: users_customuser_user_permissions; Type: TABLE; Schema: public; Owner: -
--

CREATE TABLE public.users_customuser_user_permissions (
    id bigint NOT NULL,
    customuser_id bigint NOT NULL,
    permission_id integer NOT NULL
);


--
-- Name: users_customuser_user_permissions_id_seq; Type: SEQUENCE; Schema: public; Owner: -
--

ALTER TABLE public.users_customuser_user_permissions ALTER COLUMN id ADD GENERATED BY DEFAULT AS IDENTITY (
    SEQUENCE NAME public.users_customuser_user_permissions_id_seq
    START WITH 1
    INCREMENT BY 1
    NO MINVALUE
    NO MAXVALUE
    CACHE 1
);


--
-- Data for Name: adaptive_engine_adaptiverecomendation; Type: TABLE DATA; Schema: public; Owner: -
--

COPY public.adaptive_engine_adaptiverecomendation (id, recommendation_type, recommendation_description, created_at, module_id_id, user_id_id, attempt_number, score_at_time) FROM stdin;
42	repeat	Вы набрали 33.3% на 1 попытке.\n\n            📊 Ваши результаты:\n            • Нужно улучшить до 60% для продолжения\n            • Осталось попыток: 2\n\n            🎯 План действий:\n            1. 📖 Внимательно перечитайте теоретический материал\n            2. ✍️ Сделайте конспект основных определений\n            3. 📝 Выполните дополнительные упражнения\n            4. 🔄 Пройдите тест заново\n\n            💡 Фокус на: темах, где были ошибки	2026-05-19 22:45:47.130121+05	1	5	1	33.33333333333333
43	advanced	Поздравляем! Отличный результат — 100.0%!\n\n        📊 Ваше достижение:\n        • 📈 Улучшение на 67.0%\n\n        🚀 Углубленное изучение:\n        • Проектная работа по теме модуля\n        • Исследовательские задания\n        • Дополнительные главы из продвинутого курса\n\n        🎓 Бонус: Вы получаете +5 баллов к рейтингу студента	2026-05-19 22:46:04.924175+05	1	5	2	100
44	repeat	Вы набрали 33.3% на 1 попытке.\n\n            📊 Ваши результаты:\n            • Нужно улучшить до 60% для продолжения\n            • Осталось попыток: 2\n\n            🎯 План действий:\n            1. 📖 Внимательно перечитайте теоретический материал\n            2. ✍️ Сделайте конспект основных определений\n            3. 📝 Выполните дополнительные упражнения\n            4. 🔄 Пройдите тест заново\n\n            💡 Фокус на: темах, где были ошибки	2026-05-20 18:29:03.160041+05	1	2	1	33.33333333333333
45	repeat	Вы набрали 33.3% на 2 попытке.\n\n            📊 Ваши результаты:\n            • Нужно улучшить до 60% для продолжения\n            • Осталось попыток: 1\n\n            🎯 План действий:\n            1. 📖 Внимательно перечитайте теоретический материал\n            2. ✍️ Сделайте конспект основных определений\n            3. 📝 Выполните дополнительные упражнения\n            4. 🔄 Пройдите тест заново\n\n            💡 Фокус на: темах, где были ошибки	2026-05-20 19:21:39.405237+05	1	2	2	33.33333333333333
46	repeat	Вы набрали 33.3% на 3 попытке.\n\n            📊 Ваши результаты:\n            • Нужно улучшить до 60% для продолжения\n            • Осталось попыток: 0\n\n            🎯 План действий:\n            1. 📖 Внимательно перечитайте теоретический материал\n            2. ✍️ Сделайте конспект основных определений\n            3. 📝 Выполните дополнительные упражнения\n            4. 🔄 Пройдите тест заново\n\n            💡 Фокус на: темах, где были ошибки	2026-05-20 19:21:51.79721+05	1	2	3	33.33333333333333
47	additional	Вы набрали 0.0% за 4 попыток.\n\n                📊 Ваша статистика:\n                • Средний балл за все попытки: 0.0%\n                • Использовано попыток: 4/3\n\n                📚 Рекомендованные дополнительные материалы:\n                • Базовые видео-лекции по всему модулю\n                • Пошаговые руководства с примерами\n                • Практические задания для закрепления\n\n                💡 Стратегия улучшения:\n                1. Начните с повторения базовых понятий\n                2. Выполните практические упражнения\n                3. Обратитесь к преподавателю за помощью	2026-05-20 19:22:33.378061+05	1	2	4	0
48	additional	Вы набрали 0.0% за 5 попыток.\n\n                📊 Ваша статистика:\n                • Средний балл за все попытки: 0.0%\n                • Использовано попыток: 5/3\n\n                📚 Рекомендованные дополнительные материалы:\n                • Базовые видео-лекции по всему модулю\n                • Пошаговые руководства с примерами\n                • Практические задания для закрепления\n\n                💡 Стратегия улучшения:\n                1. Начните с повторения базовых понятий\n                2. Выполните практические упражнения\n                3. Обратитесь к преподавателю за помощью	2026-05-20 21:46:57.62739+05	1	2	5	0
49	additional	Вы набрали 0.0% за 6 попыток.\n\n                📊 Ваша статистика:\n                • Средний балл за все попытки: 0.0%\n                • Использовано попыток: 6/3\n\n                📚 Рекомендованные дополнительные материалы:\n                • Базовые видео-лекции по всему модулю\n                • Пошаговые руководства с примерами\n                • Практические задания для закрепления\n\n                💡 Стратегия улучшения:\n                1. Начните с повторения базовых понятий\n                2. Выполните практические упражнения\n                3. Обратитесь к преподавателю за помощью	2026-05-20 21:47:46.924992+05	1	2	6	0
50	additional	Вы набрали 0.0% за 7 попыток.\n\n                📊 Ваша статистика:\n                • Средний балл за все попытки: 0.0%\n                • Использовано попыток: 7/3\n\n                📚 Рекомендованные дополнительные материалы:\n                • Базовые видео-лекции по всему модулю\n                • Пошаговые руководства с примерами\n                • Практические задания для закрепления\n\n                💡 Стратегия улучшения:\n                1. Начните с повторения базовых понятий\n                2. Выполните практические упражнения\n                3. Обратитесь к преподавателю за помощью	2026-05-20 21:49:51.320333+05	1	2	7	0
51	advanced	Поздравляем! Отличный результат — 100.0%!\n\n        📊 Ваше достижение:\n        • 📈 Улучшение на 100.0%\n\n        🚀 Углубленное изучение:\n        • Проектная работа по теме модуля\n        • Исследовательские задания\n        • Дополнительные главы из продвинутого курса	2026-05-21 00:30:59.777171+05	1	2	8	100
52	repeat	Вы набрали 0.0% на 1 попытке.\n\n            📊 Ваши результаты:\n            • Нужно улучшить до 60% для продолжения\n            • Осталось попыток: 2\n\n            🎯 План действий:\n            1. 📖 Внимательно перечитайте теоретический материал\n            2. ✍️ Сделайте конспект основных определений\n            3. 📝 Выполните дополнительные упражнения\n            4. 🔄 Пройдите тест заново\n\n            💡 Фокус на: темах, где были ошибки	2026-05-25 14:28:40.135422+05	1	6	1	0
53	repeat	Вы набрали 0.0% на 2 попытке.\n\n            📊 Ваши результаты:\n            • Нужно улучшить до 60% для продолжения\n            • Осталось попыток: 1\n\n            🎯 План действий:\n            1. 📖 Внимательно перечитайте теоретический материал\n            2. ✍️ Сделайте конспект основных определений\n            3. 📝 Выполните дополнительные упражнения\n            4. 🔄 Пройдите тест заново\n\n            💡 Фокус на: темах, где были ошибки	2026-05-25 14:28:52.118662+05	1	6	2	0
54	repeat	Вы набрали 0.0% на 3 попытке.\n\n            📊 Ваши результаты:\n            • Нужно улучшить до 60% для продолжения\n            • Осталось попыток: 0\n\n            🎯 План действий:\n            1. 📖 Внимательно перечитайте теоретический материал\n            2. ✍️ Сделайте конспект основных определений\n            3. 📝 Выполните дополнительные упражнения\n            4. 🔄 Пройдите тест заново\n\n            💡 Фокус на: темах, где были ошибки	2026-05-25 14:29:01.775953+05	1	6	3	0
55	additional	Вы набрали 0.0% за 4 попыток.\n\n                📊 Ваша статистика:\n                • Средний балл за все попытки: 0.0%\n                • Использовано попыток: 4/3\n\n                📚 Рекомендованные дополнительные материалы:\n                • Базовые видео-лекции по всему модулю\n                • Пошаговые руководства с примерами\n                • Практические задания для закрепления\n\n                💡 Стратегия улучшения:\n                1. Начните с повторения базовых понятий\n                2. Выполните практические упражнения\n                3. Обратитесь к преподавателю за помощью	2026-05-29 14:46:31.305439+05	1	6	4	0
56	additional	Вы набрали 0.0% за 5 попыток.\n\n                📊 Ваша статистика:\n                • Средний балл за все попытки: 0.0%\n                • Использовано попыток: 5/3\n\n                📚 Рекомендованные дополнительные материалы:\n                • Базовые видео-лекции по всему модулю\n                • Пошаговые руководства с примерами\n                • Практические задания для закрепления\n\n                💡 Стратегия улучшения:\n                1. Начните с повторения базовых понятий\n                2. Выполните практические упражнения\n                3. Обратитесь к преподавателю за помощью	2026-05-29 14:47:31.520886+05	1	6	5	0
57	additional	Вы набрали 0.0% за 6 попыток.\n\n                📊 Ваша статистика:\n                • Средний балл за все попытки: 0.0%\n                • Использовано попыток: 6/3\n\n                📚 Рекомендованные дополнительные материалы:\n                • Базовые видео-лекции по всему модулю\n                • Пошаговые руководства с примерами\n                • Практические задания для закрепления\n\n                💡 Стратегия улучшения:\n                1. Начните с повторения базовых понятий\n                2. Выполните практические упражнения\n                3. Обратитесь к преподавателю за помощью	2026-05-29 14:47:52.646552+05	1	6	6	0
\.


--
-- Data for Name: auth_group; Type: TABLE DATA; Schema: public; Owner: -
--

COPY public.auth_group (id, name) FROM stdin;
\.


--
-- Data for Name: auth_group_permissions; Type: TABLE DATA; Schema: public; Owner: -
--

COPY public.auth_group_permissions (id, group_id, permission_id) FROM stdin;
\.


--
-- Data for Name: auth_permission; Type: TABLE DATA; Schema: public; Owner: -
--

COPY public.auth_permission (id, name, content_type_id, codename) FROM stdin;
1	Can add log entry	1	add_logentry
2	Can change log entry	1	change_logentry
3	Can delete log entry	1	delete_logentry
4	Can view log entry	1	view_logentry
5	Can add permission	2	add_permission
6	Can change permission	2	change_permission
7	Can delete permission	2	delete_permission
8	Can view permission	2	view_permission
9	Can add group	3	add_group
10	Can change group	3	change_group
11	Can delete group	3	delete_group
12	Can view group	3	view_group
13	Can add content type	4	add_contenttype
14	Can change content type	4	change_contenttype
15	Can delete content type	4	delete_contenttype
16	Can view content type	4	view_contenttype
17	Can add session	5	add_session
18	Can change session	5	change_session
19	Can delete session	5	delete_session
20	Can view session	5	view_session
21	Can add user	6	add_customuser
22	Can change user	6	change_customuser
23	Can delete user	6	delete_customuser
24	Can view user	6	view_customuser
25	Can add answer	7	add_answer
26	Can change answer	7	change_answer
27	Can delete answer	7	delete_answer
28	Can view answer	7	view_answer
29	Can add course	8	add_course
30	Can change course	8	change_course
31	Can delete course	8	delete_course
32	Can view course	8	view_course
33	Can add lesson	9	add_lesson
34	Can change lesson	9	change_lesson
35	Can delete lesson	9	delete_lesson
36	Can view lesson	9	view_lesson
37	Can add module	10	add_module
38	Can change module	10	change_module
39	Can delete module	10	delete_module
40	Can view module	10	view_module
41	Can add question	11	add_question
42	Can change question	11	change_question
43	Can delete question	11	delete_question
44	Can view question	11	view_question
45	Can add test	12	add_test
46	Can change test	12	change_test
47	Can delete test	12	delete_test
48	Can view test	12	view_test
49	Can add user_progerss	13	add_user_progerss
50	Can change user_progerss	13	change_user_progerss
51	Can delete user_progerss	13	delete_user_progerss
52	Can view user_progerss	13	view_user_progerss
53	Can add adaptive recomendation	14	add_adaptiverecomendation
54	Can change adaptive recomendation	14	change_adaptiverecomendation
55	Can delete adaptive recomendation	14	delete_adaptiverecomendation
56	Can view adaptive recomendation	14	view_adaptiverecomendation
57	Can add test result	15	add_testresult
58	Can change test result	15	change_testresult
59	Can delete test result	15	delete_testresult
60	Can view test result	15	view_testresult
61	Can add notification	16	add_notification
62	Can change notification	16	change_notification
63	Can delete notification	16	delete_notification
64	Can view notification	16	view_notification
65	Can add lesson progress	17	add_lessonprogress
66	Can change lesson progress	17	change_lessonprogress
67	Can delete lesson progress	17	delete_lessonprogress
68	Can view lesson progress	17	view_lessonprogress
69	Can add student material progress	18	add_studentmaterialprogress
70	Can change student material progress	18	change_studentmaterialprogress
71	Can delete student material progress	18	delete_studentmaterialprogress
72	Can view student material progress	18	view_studentmaterialprogress
73	Can add Материал модуля	19	add_modulematerial
74	Can change Материал модуля	19	change_modulematerial
75	Can delete Материал модуля	19	delete_modulematerial
76	Can view Материал модуля	19	view_modulematerial
\.


--
-- Data for Name: courses_answer; Type: TABLE DATA; Schema: public; Owner: -
--

COPY public.courses_answer (id, answer_text, is_correct, qustion_id_id) FROM stdin;
1	input()	t	1
2	print()	f	1
3	int()	f	1
4	4	t	2
5	4.5	f	2
6	5	f	2
7	str	t	3
8	int	f	3
9	float	f	3
\.


--
-- Data for Name: courses_course; Type: TABLE DATA; Schema: public; Owner: -
--

COPY public.courses_course (id, title, description, difficulty_level, is_published, created_at, updated_at, author_id, image) FROM stdin;
9	Второй курс	Второй курс	4	t	2026-05-17 15:08:57.167211+05	2026-05-17 17:02:30.179762+05	2	default/course.jpg
1	Python	Этот курс посвящен основам языка программирования Python	5	t	2026-05-03 23:48:29.302855+05	2026-05-17 17:18:02.710639+05	2	courses/pyton.png
10	Информатика	Информатика	1	t	2026-05-18 12:08:06.413218+05	2026-05-18 12:08:06.413218+05	2	courses/Go_Logo_Blue_kzPiRAv.svg.png
\.


--
-- Data for Name: courses_lesson; Type: TABLE DATA; Schema: public; Owner: -
--

COPY public.courses_lesson (id, title, content, content_type, order_index, created_at, module_id_id, video_url) FROM stdin;
1	Построчное считывание в Python	Для ввода данных в программу на Python мы используем функцию input(). Она считывает полностью ровно одну строку.\r\n\r\nВот программа, которая считывает имя пользователя и приветствует его:\r\n\r\nprint('Как вас зовут?')\r\nname = input() \r\nprint('Здравствуйте, ' + name + '!')\r\n\r\n                  \r\n\r\n\r\nМы будем писать программы, которые считывают данные, перерабатывают их и выводят какой-то результат. При запуске на компьютере такие программы считывают данные, которые пользователь вводит с клавиатуры, а результат выводят на экран.\r\n\r\nПопробуем написать программу, которая считывает два числа и выводит их сумму. Для этого считаем два числа и сохраним их в переменные a и b, пользуясь оператором присваивания =. Слева от оператора присваивания в программах на Питоне ставится имя переменной - например, строка из латинских букв. Справа от оператора присваивания ставится любое выражение. Имя станет указывать на результат вычисления выражения. \r\n\r\na = input()\r\nb = input()\r\ns = a + b\r\nprint(s)\r\n\r\n                  \r\nЕсли мы запустим программу, подав a = 5, b = 7 с консоли, то программа выведет 57, а не 12.	Текст	1	2026-05-09 22:46:12.823113+05	1	\N
2	Как Python воспринимает ввод	Всё, что пользователь печатает в консоли, Python воспринимает как текст. В примере на предыдущем шаге мы получили такой результат потому, что Питон в третьей строчке «сложил» две строки, а не два числа. В Питоне две строки складываются так: к первой строке приписывается вторая. Такая операция ещё называется конкатенацией. \r\n\r\nВ Python все данные называются объектами. Число 2 представляется объектом число 2, строка 'hello' - это объект «строка 'hello'». Каждый объект относится к какому-то типу. Строки хранятся в объектах типа str, целые числа хранятся в объектах типа int, дробные числа (вещественные числа) - в объектах типа float.\r\n\r\nТип объекта определяет, какие действия можно делать с объектами этого типа. Чтобы преобразовать строку из цифр в целое число, воспользуемся функцией int(). Например, int('23') вернет число 23. Вот пример правильной программы, которая считывает два числа и выводит их сумму:\r\n\r\na = int(input())\r\nb = int(input())\r\ns = a + b\r\nprint(s)	Текст	2	2026-05-09 23:19:43.534164+05	1	\N
3	Стандартные арифметические операции	Арифметические операции - основа любой программы, связанной с вычислениями. В языке программирования Python работа с числами интуитивно понятна и проста.\r\nprint(3 + 5) # Вывод: 8\r\nprint(10 - 4) # Вывод: 6\r\nprint(7 * 6) # Вывод: 42\r\nprint(8 / 2) # Вывод: 4.0\r\nprint(9 // 2) # Вывод: 4\r\nprint(9 % 2) # Вывод: 1\r\nprint(2**3) # Вывод: 8	Текст	3	2026-05-09 23:20:55.370496+05	1	\N
\.


--
-- Data for Name: courses_lessonprogress; Type: TABLE DATA; Schema: public; Owner: -
--

COPY public.courses_lessonprogress (id, is_completed, completed_at, lesson_id_id, user_id_id) FROM stdin;
1	t	2026-05-18 02:24:56.816213+05	1	4
2	t	2026-05-18 02:25:01.592248+05	2	4
3	t	2026-05-18 02:25:03.150941+05	3	4
4	t	2026-05-18 12:14:04.152399+05	1	5
5	t	2026-05-18 12:14:09.08404+05	2	5
6	t	2026-05-18 12:14:10.615655+05	3	5
7	t	2026-05-20 18:20:36.8356+05	1	2
8	t	2026-05-20 18:25:26.776629+05	2	2
9	t	2026-05-20 18:25:29.435749+05	3	2
10	t	2026-05-25 14:28:25.063326+05	1	6
11	t	2026-05-25 14:28:26.594316+05	2	6
12	t	2026-05-25 14:28:27.813254+05	3	6
\.


--
-- Data for Name: courses_module; Type: TABLE DATA; Schema: public; Owner: -
--

COPY public.courses_module (id, title, description, order_index, difficulty_level, created_at, course_id_id, estimated_hours) FROM stdin;
1	Основы Python	Основы языка программирования Python	1	5	2026-05-09 22:12:02.308905+05	1	1
5	Первый	Первый	1	5	2026-05-17 17:02:05.33419+05	9	1
6	Первый модул	1	1	5	2026-05-18 12:08:43.424205+05	10	1
\.


--
-- Data for Name: courses_modulematerial; Type: TABLE DATA; Schema: public; Owner: -
--

COPY public.courses_modulematerial (id, title, material_type, url, content, order_index, is_required, is_advanced, module_id) FROM stdin;
2	Основы python	interactive	https://docs.python.org/3/library/decimal.html	<p>В Python есть модули <code>decimal</code> и <code>fractions</code> для точных вычислений.</p>\r\n<pre><code>\r\nfrom decimal import Decimal\r\nfrom fractions import Fraction\r\n\r\nprint(Decimal('0.1') + Decimal('0.2'))   # 0.3 без ошибок округления\r\nprint(Fraction(1, 3) + Fraction(2, 5))   # 11/15\r\n</code></pre>\r\n<p>Изучите документацию <a href="https://docs.python.org/3/library/decimal.html" target="_blank">decimal</a> и <a href="https://docs.python.org/3/library/fractions.html" target="_blank">fractions</a>.</p>	1	f	t	1
1	Основы Python	video	https://www.youtube.com/watch?v=Gmh3sjodc_o	<p><strong>Ввод данных и арифметические оперции</strong></p>	1	t	f	1
\.


--
-- Data for Name: courses_question; Type: TABLE DATA; Schema: public; Owner: -
--

COPY public.courses_question (id, test_id_id, question_text, question_type, points, keyword, topic) FROM stdin;
1	1	Какая функция используется для ввода данных в Python?	single	1	\N	\N
2	1	Что выведет print(9 // 2)?	single	1	\N	\N
3	1	Какой тип данных возвращает функция input()?	single	1	\N	\N
\.


--
-- Data for Name: courses_studentmaterialprogress; Type: TABLE DATA; Schema: public; Owner: -
--

COPY public.courses_studentmaterialprogress (id, viewed, viewed_at, material_id, student_id) FROM stdin;
1	t	2026-05-20 19:39:55.620205+05	1	2
2	t	2026-05-29 14:46:02.819384+05	1	6
\.


--
-- Data for Name: courses_test; Type: TABLE DATA; Schema: public; Owner: -
--

COPY public.courses_test (id, title, passing_score, max_score, created_at, module_id_id) FROM stdin;
1	Тест по основам Python	60	100	2026-05-11 21:20:42.410043+05	1
\.


--
-- Data for Name: courses_testresult; Type: TABLE DATA; Schema: public; Owner: -
--

COPY public.courses_testresult (id, is_correct, created_at, module_id_id, question_id, selected_answer_id, user_id_id) FROM stdin;
1	f	2026-05-19 22:45:47.100021+05	1	1	2	5
2	t	2026-05-19 22:45:47.110993+05	1	2	4	5
3	f	2026-05-19 22:45:47.113997+05	1	3	8	5
4	t	2026-05-19 22:46:04.90488+05	1	1	1	5
5	t	2026-05-19 22:46:04.908883+05	1	2	4	5
6	t	2026-05-19 22:46:04.910887+05	1	3	7	5
7	t	2026-05-20 18:29:03.136374+05	1	1	1	2
8	f	2026-05-20 18:29:03.142035+05	1	2	5	2
9	f	2026-05-20 18:29:03.144052+05	1	3	8	2
10	f	2026-05-20 19:21:39.378127+05	1	1	2	2
11	f	2026-05-20 19:21:39.386125+05	1	2	5	2
12	t	2026-05-20 19:21:39.388126+05	1	3	7	2
13	t	2026-05-20 19:21:51.77121+05	1	1	1	2
14	f	2026-05-20 19:21:51.77622+05	1	2	6	2
15	f	2026-05-20 19:21:51.779244+05	1	3	9	2
16	f	2026-05-20 19:22:33.348818+05	1	1	3	2
17	f	2026-05-20 19:22:33.353061+05	1	2	6	2
18	f	2026-05-20 19:22:33.356063+05	1	3	9	2
19	f	2026-05-20 21:46:57.597832+05	1	1	3	2
20	f	2026-05-20 21:46:57.602539+05	1	2	6	2
21	f	2026-05-20 21:46:57.603535+05	1	3	9	2
22	f	2026-05-20 21:47:46.896228+05	1	1	2	2
23	f	2026-05-20 21:47:46.900868+05	1	2	6	2
24	f	2026-05-20 21:47:46.902866+05	1	3	9	2
25	f	2026-05-20 21:49:51.289591+05	1	1	3	2
26	f	2026-05-20 21:49:51.2926+05	1	2	6	2
27	f	2026-05-20 21:49:51.295799+05	1	3	9	2
28	t	2026-05-21 00:30:59.758284+05	1	1	1	2
29	t	2026-05-21 00:30:59.760917+05	1	2	4	2
30	t	2026-05-21 00:30:59.761937+05	1	3	7	2
31	f	2026-05-25 14:28:40.109417+05	1	1	2	6
32	f	2026-05-25 14:28:40.118428+05	1	2	6	6
33	f	2026-05-25 14:28:40.119417+05	1	3	9	6
34	f	2026-05-25 14:28:52.096663+05	1	1	3	6
35	f	2026-05-25 14:28:52.100658+05	1	2	6	6
36	f	2026-05-25 14:28:52.102651+05	1	3	9	6
37	f	2026-05-25 14:29:01.751045+05	1	1	3	6
38	f	2026-05-25 14:29:01.756044+05	1	2	6	6
39	f	2026-05-25 14:29:01.756931+05	1	3	9	6
40	f	2026-05-29 14:46:31.25987+05	1	1	3	6
41	f	2026-05-29 14:46:31.276767+05	1	2	6	6
42	f	2026-05-29 14:46:31.278767+05	1	3	9	6
43	f	2026-05-29 14:47:31.478158+05	1	1	3	6
44	f	2026-05-29 14:47:31.484579+05	1	2	6	6
45	f	2026-05-29 14:47:31.486575+05	1	3	9	6
46	f	2026-05-29 14:47:52.586344+05	1	1	3	6
47	f	2026-05-29 14:47:52.592824+05	1	2	6	6
48	f	2026-05-29 14:47:52.595725+05	1	3	9	6
\.


--
-- Data for Name: courses_user_progerss; Type: TABLE DATA; Schema: public; Owner: -
--

COPY public.courses_user_progerss (id, score, attempts, time_spent, status, created_at, module_id_id, user_id_id, completed_at, improvement_rate, weak_topics, lesson_id) FROM stdin;
1	0	0	0		2026-05-11 21:32:22.796704+05	1	1	\N	0	[]	\N
3	0	0	0		2026-05-18 01:21:27.218632+05	1	4	\N	0	[]	\N
4	100	2	0		2026-05-18 12:14:20.972959+05	1	5	2026-05-19 22:46:04.921168+05	67	["Какой тип данных возвращает функция input()?", "Какая функция используется для ввода данных в Pyth"]	\N
2	100	8	0		2026-05-17 17:48:04.508229+05	1	2	2026-05-21 00:30:59.774172+05	100	[]	\N
37	0	6	0		2026-05-25 14:28:40.122417+05	1	6	\N	0	[]	\N
\.


--
-- Data for Name: django_admin_log; Type: TABLE DATA; Schema: public; Owner: -
--

COPY public.django_admin_log (id, action_time, object_id, object_repr, action_flag, change_message, content_type_id, user_id) FROM stdin;
1	2026-05-03 23:48:29.303854+05	1	Course object (1)	1	[{"added": {}}]	8	1
2	2026-05-06 09:03:42.649668+05	1	Course object (1)	2	[{"changed": {"fields": ["Image"]}}]	8	1
3	2026-05-09 14:16:50.752912+05	2	Course object (2)	1	[{"added": {}}]	8	1
4	2026-05-09 14:17:00.154293+05	2	Course object (2)	2	[{"changed": {"fields": ["Is published"]}}]	8	1
5	2026-05-09 14:39:28.856559+05	2	Prepodavatel12	1	[{"added": {}}]	6	1
6	2026-05-09 14:39:50.644923+05	2	Course object (2)	2	[{"changed": {"fields": ["Author"]}}]	8	1
7	2026-05-09 14:39:55.974377+05	1	Course object (1)	2	[{"changed": {"fields": ["Author"]}}]	8	1
8	2026-05-09 14:46:07.592451+05	2	Prepodavatel12	2	[{"changed": {"fields": ["Last name", "Patronymic"]}}]	6	1
9	2026-05-09 22:12:02.312912+05	1	Основы Python	1	[{"added": {}}]	10	1
10	2026-05-09 22:13:05.699165+05	2	Основы Java	1	[{"added": {}}]	10	1
11	2026-05-09 22:13:52.424221+05	2	Основы Java	2	[{"changed": {"fields": ["Order index"]}}]	10	1
12	2026-05-09 22:14:14.478003+05	2	Основы Java	2	[{"changed": {"fields": ["Description"]}}]	10	1
13	2026-05-09 22:46:12.826101+05	1	Lesson object (1)	1	[{"added": {}}]	9	1
14	2026-05-09 22:46:50.751224+05	1	Lesson object (1)	2	[{"changed": {"fields": ["Title"]}}]	9	1
15	2026-05-09 23:19:43.535153+05	2	Lesson object (2)	1	[{"added": {}}]	9	1
16	2026-05-09 23:20:55.371496+05	3	Lesson object (3)	1	[{"added": {}}]	9	1
17	2026-05-09 23:21:22.487568+05	3	Lesson object (3)	2	[{"changed": {"fields": ["Content"]}}]	9	1
18	2026-05-09 23:47:11.252775+05	2	Java	2	[{"changed": {"fields": ["Description"]}}]	8	1
19	2026-05-09 23:47:17.893914+05	1	Python	2	[{"changed": {"fields": ["Description"]}}]	8	1
20	2026-05-11 21:20:42.416033+05	1	Test object (1)	1	[{"added": {}}]	12	1
21	2026-05-11 21:23:45.70764+05	1	Test object (1)	2	[{"changed": {"fields": ["Title", "Passing score"]}}]	12	1
22	2026-05-11 21:27:00.027823+05	1	Test object (1)	2	[]	12	1
23	2026-05-11 21:27:52.709762+05	1	Question object (1)	1	[{"added": {}}]	11	1
24	2026-05-11 21:28:16.259404+05	2	Question object (2)	1	[{"added": {}}]	11	1
25	2026-05-11 21:28:39.311716+05	3	Question object (3)	1	[{"added": {}}]	11	1
26	2026-05-11 21:29:18.207175+05	1	Answer object (1)	1	[{"added": {}}]	7	1
27	2026-05-11 21:29:30.292261+05	2	Answer object (2)	1	[{"added": {}}]	7	1
28	2026-05-11 21:29:45.45859+05	3	Answer object (3)	1	[{"added": {}}]	7	1
29	2026-05-11 21:30:01.140619+05	4	Answer object (4)	1	[{"added": {}}]	7	1
30	2026-05-11 21:30:13.75824+05	5	Answer object (5)	1	[{"added": {}}]	7	1
31	2026-05-11 21:30:24.294613+05	6	Answer object (6)	1	[{"added": {}}]	7	1
32	2026-05-11 21:30:36.912744+05	7	Answer object (7)	1	[{"added": {}}]	7	1
33	2026-05-11 21:30:55.897628+05	8	Answer object (8)	1	[{"added": {}}]	7	1
34	2026-05-11 21:31:03.513576+05	9	Answer object (9)	1	[{"added": {}}]	7	1
35	2026-05-15 18:00:40.452751+05	2	Prepodavatel12	2	[]	6	1
36	2026-05-15 19:16:08.78915+05	3	Prep12	1	[{"added": {}}]	6	1
37	2026-05-15 19:52:51.379412+05	2	Prepodavatel12	2	[]	6	1
38	2026-05-17 14:48:32.120711+05	4	a123rt	1	[{"added": {}}]	6	1
39	2026-05-17 14:49:16.212385+05	4	a123rt	2	[{"changed": {"fields": ["First name", "Last name", "Patronymic", "Email address"]}}]	6	1
40	2026-05-17 15:06:52.278404+05	8	Второй курс	3		8	1
41	2026-05-17 15:06:52.278404+05	7	Второй курс	3		8	1
42	2026-05-17 15:06:52.279409+05	6	Второй курс	3		8	1
43	2026-05-17 15:06:52.279409+05	5	Второй курс	3		8	1
44	2026-05-18 12:13:02.177804+05	5	user12	2	[{"changed": {"fields": ["Role"]}}]	6	1
45	2026-05-25 14:26:50.117679+05	6	student2	1	[{"added": {}}]	6	1
46	2026-05-25 14:27:18.972049+05	6	student2	2	[{"changed": {"fields": ["First name", "Last name", "Patronymic"]}}]	6	1
47	2026-06-03 00:18:37.490626+05	1	Admin	2	[{"changed": {"fields": ["Role"]}}]	6	1
\.


--
-- Data for Name: django_content_type; Type: TABLE DATA; Schema: public; Owner: -
--

COPY public.django_content_type (id, app_label, model) FROM stdin;
1	admin	logentry
2	auth	permission
3	auth	group
4	contenttypes	contenttype
5	sessions	session
6	users	customuser
7	courses	answer
8	courses	course
9	courses	lesson
10	courses	module
11	courses	question
12	courses	test
13	courses	user_progerss
14	adaptive_engine	adaptiverecomendation
15	courses	testresult
16	notifications	notification
17	courses	lessonprogress
18	courses	studentmaterialprogress
19	courses	modulematerial
\.


--
-- Data for Name: django_migrations; Type: TABLE DATA; Schema: public; Owner: -
--

COPY public.django_migrations (id, app, name, applied) FROM stdin;
1	contenttypes	0001_initial	2026-05-03 17:45:39.142868+05
2	contenttypes	0002_remove_content_type_name	2026-05-03 17:45:39.149891+05
3	auth	0001_initial	2026-05-03 17:45:39.171249+05
4	auth	0002_alter_permission_name_max_length	2026-05-03 17:45:39.174249+05
5	auth	0003_alter_user_email_max_length	2026-05-03 17:45:39.177249+05
6	auth	0004_alter_user_username_opts	2026-05-03 17:45:39.180249+05
7	auth	0005_alter_user_last_login_null	2026-05-03 17:45:39.182249+05
8	auth	0006_require_contenttypes_0002	2026-05-03 17:45:39.183249+05
9	auth	0007_alter_validators_add_error_messages	2026-05-03 17:45:39.185837+05
10	auth	0008_alter_user_username_max_length	2026-05-03 17:45:39.187837+05
11	auth	0009_alter_user_last_name_max_length	2026-05-03 17:45:39.189837+05
12	auth	0010_alter_group_name_max_length	2026-05-03 17:45:39.194837+05
13	auth	0011_update_proxy_permissions	2026-05-03 17:45:39.197838+05
14	auth	0012_alter_user_first_name_max_length	2026-05-03 17:45:39.199837+05
15	users	0001_initial	2026-05-03 17:45:39.216933+05
16	courses	0001_initial	2026-05-03 17:45:39.23393+05
17	adaptive_engine	0001_initial	2026-05-03 17:45:39.237939+05
18	adaptive_engine	0002_initial	2026-05-03 17:45:39.241948+05
19	adaptive_engine	0003_initial	2026-05-03 17:45:39.246938+05
20	admin	0001_initial	2026-05-03 17:45:39.258877+05
21	admin	0002_logentry_remove_auto_add	2026-05-03 17:45:39.262883+05
22	admin	0003_logentry_add_action_flag_choices	2026-05-03 17:45:39.266883+05
23	courses	0002_initial	2026-05-03 17:45:39.308574+05
24	sessions	0001_initial	2026-05-03 17:45:39.313473+05
25	courses	0003_course_image	2026-05-06 08:51:15.520837+05
26	users	0002_customuser_patronymic	2026-05-09 14:44:46.599158+05
27	courses	0004_alter_question_test_id	2026-05-11 21:26:30.61165+05
28	courses	0005_alter_course_image	2026-05-17 15:07:20.598039+05
29	courses	0006_question_keyword_question_topic_and_more	2026-05-17 18:41:57.148937+05
30	notifications	0001_initial	2026-05-17 18:41:57.164494+05
31	courses	0007_module_estimated_hours	2026-05-17 19:22:11.238883+05
32	adaptive_engine	0004_adaptiverecomendation_attempt_number_and_more	2026-05-18 00:51:23.483802+05
33	courses	0008_alter_lesson_options_lesson_video_url_and_more	2026-05-18 01:27:18.11321+05
34	courses	0009_lessonprogress	2026-05-18 02:03:05.461503+05
35	users	0003_customuser_avatar_customuser_bio_and_more	2026-05-18 02:46:09.943049+05
36	courses	0010_modulematerial_studentmaterialprogress	2026-05-20 18:59:23.235135+05
37	courses	0011_alter_lesson_content_alter_modulematerial_content	2026-05-20 20:05:36.341669+05
38	notifications	0002_alter_notification_options_and_more	2026-05-20 22:05:32.473948+05
\.


--
-- Data for Name: django_session; Type: TABLE DATA; Schema: public; Owner: -
--

COPY public.django_session (session_key, session_data, expire_date) FROM stdin;
c5jl5plejbwiygv2u1bk6f607yjg5evq	e30:1wNtHN:7qSl4oYhHeGY3rLrAY33r7jddruaXLzkaAm-01DVreE	2026-05-29 19:12:41.994656+05
fehc0d8rdb14b8rpxmbixi7t1l0w8shy	e30:1wNttD:M84BHjkmSowrhb-feWR68fQ7_vyJUguNc7SJBuqE2EI	2026-05-29 19:51:47.785447+05
cb8zhrjmiu17a3urxfe5l3z8rz3c4faa	e30:1wNtti:Z86mULB2jtm_uXIjQkevluSY_SVPxMSYo4_hrdcNdVI	2026-05-29 19:52:18.12157+05
ndpwh8v4936vuw0o3k9lvai2fq1pl3ff	e30:1wNtyD:DpuOE08TYN9YttkbwWR2DEF68JoAE_db2yz1QMk48X4	2026-05-29 19:56:57.274805+05
uvkqvexby228bop7e2gazpihrxx65scx	.eJxVjMEOwiAQRP-FsyELLRQ8eu83ENhdpGpoUtqT8d9tkx70OPPezFuEuK0lbI2XMJG4CiMuv12K-OR6AHrEep8lznVdpiQPRZ60yXEmft1O9--gxFb2tfZMBqKjnjEzYO-Ts-gspAzcOTdkpQfFFgGJUqcZowLKbg_WGp_F5wsG1jj9:1wPncG:cGzvvntQSBWyMbe_EsGAh4d4s7V_aPsUKXN7OFMaINU	2026-06-04 01:34:08.282148+05
pz8q16oag66a2p1afwl0bzcv2hytwyqx	.eJxVjMEOwiAQRP-FsyELLRQ8eu83ENhdpGpoUtqT8d9tkx70OPPezFuEuK0lbI2XMJG4CiMuv12K-OR6AHrEep8lznVdpiQPRZ60yXEmft1O9--gxFb2tfZMBqKjnjEzYO-Ts-gspAzcOTdkpQfFFgGJUqcZowLKbg_WGp_F5wsG1jj9:1wPoAB:0xFVCYUYID_C5qmvZV-OGi4Je01csJ0SBGN0HpPr8HU	2026-06-04 02:09:11.025347+05
s50q0h71y2mdleg0sakvb9z137c8gxoz	e30:1wTfag:duYqzUSHM_RMuOGhcGd1Z-8gQoTplQ-OP7DAEEycpok	2026-06-14 17:48:30.86461+05
izm97m7irfwu7y8b87j38c5fajd5pb4y	.eJxVjEsOwjAMBe-SNYpMnKQpS_Y9Q2THLimgVupnhbg7VOoCtm9m3stk2taat0XnPIi5mLM5_W5M5aHjDuRO422yZRrXeWC7K_agi-0m0ef1cP8OKi31Wzt1kRMAupCCavLYBII2evFUOAK2QMSASTmyMDof-9JLE0DaviCa9wfIqDfE:1wUUVK:c38ay9eBz3X4dgrJFVfzdw2u5h7HzCzbAcdWZpvGmH0	2026-06-17 00:10:22.645561+05
\.


--
-- Data for Name: notifications_notification; Type: TABLE DATA; Schema: public; Owner: -
--

COPY public.notifications_notification (id, title, message, notification_type, is_read, created_at, user_id) FROM stdin;
2	🎯 Переход к следующему модулю	Поздравляем! Вы успешно освоили модуль "Основы Python". Переходите к следующему.	recommendation	f	2026-05-18 01:21:27.245041+05	4
3	🚀 Углубленное изучение	Отличный результат! Вам доступны продвинутые материалы по модулю "Основы Python".	recommendation	f	2026-05-18 01:32:51.953831+05	4
4	📚 Требуется повторение материала	Ваш результат: 0.0%. Повторите модуль "Основы Python" и попробуйте снова.	recommendation	f	2026-05-18 01:51:17.948146+05	4
5	📖 Дополнительные материалы	Для модуля "Основы Python" подготовлены дополнительные материалы для лучшего усвоения.	recommendation	f	2026-05-18 01:51:43.514285+05	4
6	🚀 Углубленное изучение	Отличный результат! Вам доступны продвинутые материалы по модулю "Основы Python".	recommendation	f	2026-05-18 02:25:20.352985+05	4
7	📖 Дополнительные материалы	Для модуля "Основы Python" подготовлены дополнительные материалы для лучшего усвоения.	recommendation	f	2026-05-18 12:09:57.249597+05	4
8	🎯 Переход к следующему модулю	Поздравляем! Вы успешно освоили модуль "Основы Python". Переходите к следующему.	recommendation	t	2026-05-18 12:14:21.004046+05	5
1	🎯 Переход к следующему модулю	Поздравляем! Вы успешно освоили модуль "Основы Python". Переходите к следующему.	recommendation	t	2026-05-18 00:51:44.590564+05	1
41	⚠️ Студент испытывает трудности	Студент Иван Иванов () не может сдать тест "Основы Python" после 6 попыток. Обратите внимание!	student_failed	t	2026-05-29 14:47:52.635586+05	2
42	🆕 Новая регистрация пользователя	Пользователь Иван Иванов (test@mail.ru) ждёт активации аккаунта.	registration	t	2026-05-31 17:48:30.854613+05	1
43	🆕 Новая регистрация пользователя	Пользователь Иван Иванов (test@mail.ru) ждёт активации аккаунта.	registration	t	2026-05-31 18:08:36.257659+05	1
\.


--
-- Data for Name: users_customuser; Type: TABLE DATA; Schema: public; Owner: -
--

COPY public.users_customuser (id, password, last_login, is_superuser, username, first_name, last_name, email, is_staff, is_active, date_joined, role, patronymic, avatar, bio, email_notifications, phone, push_notifications) FROM stdin;
6	pbkdf2_sha256$1000000$AhU9fKCOuJKnZ8ovScuGIW$Gu4iKpGq6HPhS3uTSTEnI7H69O8OISOWb+lNH7vSflU=	2026-05-29 14:44:20.637199+05	f	student2	Иван	Иванов		f	t	2026-05-25 14:26:49+05	student	Иванович		\N	t	\N	t
2	pbkdf2_sha256$1000000$TwhK8r8CJKsIqMMENT42iX$rZc/TwbP4qpKRtwX8PwI0x0GAolOGbd0vHQfuqq7MkQ=	2026-05-31 17:46:22.419961+05	f	Prepodavatel12	Александр	Иванов	alek@mail.ru	f	t	2026-05-09 14:37:10+05	teacher	Александрович	\N	\N	t	\N	t
3	pbkdf2_sha256$1000000$iT4M6RKa9B2KlSenrxaA6P$bjIKSDqAzw7LEEJwkw4lN1On//rhbMfdScpzyA6Cqd0=	\N	f	Prep12	Иван	Иванов	ivanov@mail.ru	f	t	2026-05-15 19:14:54+05	teacher	Иванович	\N	\N	t	\N	t
4	pbkdf2_sha256$1000000$LPvLLOpsA7eX8X7gU24gnf$89b5GNMw2rOXMTdzP3GywsOokHx0rU4Wv5AtdOIJ8VU=	2026-05-18 12:11:22.180333+05	f	a123rt	Максим	Иванов	alek@mail.ru	f	t	2026-05-17 14:48:31+05	student	Иванович			f		f
1	pbkdf2_sha256$1000000$SosmYbRh46pQv4gK7LKr74$aJ+cGVSWYLalMaCzK+ON30tcEM3pvqYUj/QGYE8Wyqc=	2026-06-03 00:10:22.640559+05	t	Admin			admin@gmail.com	t	t	2026-05-03 23:21:44.705343+05	admin			\N	t	\N	t
7	pbkdf2_sha256$1000000$c5mOCZtJRCOMExoSxoZjH5$N/aGbs6B28BFKRPvohsP1cby5RRO3l1qBmZmbyXKuaU=	\N	f	Student3	Иван	Иванов	test@mail.ru	f	t	2026-05-31 18:08:35.705976+05	student	Иванович		\N	t	\N	t
5	pbkdf2_sha256$1000000$A6o4uHBAh7LOaxWgwkK3ve$tHDgvDF1zTQkdpA1H4+TdF092nIE83solSvhLj/5E0M=	2026-05-21 02:09:11.024352+05	f	user12	Сергей	Потряхов	potryahov@mail.com	f	t	2026-05-18 03:43:26+05	student	Антонович		\N	t	\N	t
\.


--
-- Data for Name: users_customuser_groups; Type: TABLE DATA; Schema: public; Owner: -
--

COPY public.users_customuser_groups (id, customuser_id, group_id) FROM stdin;
\.


--
-- Data for Name: users_customuser_user_permissions; Type: TABLE DATA; Schema: public; Owner: -
--

COPY public.users_customuser_user_permissions (id, customuser_id, permission_id) FROM stdin;
\.


--
-- Name: adaptive_engine_adaptiverecomendation_id_seq; Type: SEQUENCE SET; Schema: public; Owner: -
--

SELECT pg_catalog.setval('public.adaptive_engine_adaptiverecomendation_id_seq', 57, true);


--
-- Name: auth_group_id_seq; Type: SEQUENCE SET; Schema: public; Owner: -
--

SELECT pg_catalog.setval('public.auth_group_id_seq', 1, false);


--
-- Name: auth_group_permissions_id_seq; Type: SEQUENCE SET; Schema: public; Owner: -
--

SELECT pg_catalog.setval('public.auth_group_permissions_id_seq', 1, false);


--
-- Name: auth_permission_id_seq; Type: SEQUENCE SET; Schema: public; Owner: -
--

SELECT pg_catalog.setval('public.auth_permission_id_seq', 76, true);


--
-- Name: courses_answer_id_seq; Type: SEQUENCE SET; Schema: public; Owner: -
--

SELECT pg_catalog.setval('public.courses_answer_id_seq', 12, true);


--
-- Name: courses_course_id_seq; Type: SEQUENCE SET; Schema: public; Owner: -
--

SELECT pg_catalog.setval('public.courses_course_id_seq', 10, true);


--
-- Name: courses_lesson_id_seq; Type: SEQUENCE SET; Schema: public; Owner: -
--

SELECT pg_catalog.setval('public.courses_lesson_id_seq', 6, true);


--
-- Name: courses_lessonprogress_id_seq; Type: SEQUENCE SET; Schema: public; Owner: -
--

SELECT pg_catalog.setval('public.courses_lessonprogress_id_seq', 12, true);


--
-- Name: courses_module_id_seq; Type: SEQUENCE SET; Schema: public; Owner: -
--

SELECT pg_catalog.setval('public.courses_module_id_seq', 6, true);


--
-- Name: courses_modulematerial_id_seq; Type: SEQUENCE SET; Schema: public; Owner: -
--

SELECT pg_catalog.setval('public.courses_modulematerial_id_seq', 2, true);


--
-- Name: courses_question_id_seq; Type: SEQUENCE SET; Schema: public; Owner: -
--

SELECT pg_catalog.setval('public.courses_question_id_seq', 6, true);


--
-- Name: courses_studentmaterialprogress_id_seq; Type: SEQUENCE SET; Schema: public; Owner: -
--

SELECT pg_catalog.setval('public.courses_studentmaterialprogress_id_seq', 2, true);


--
-- Name: courses_test_id_seq; Type: SEQUENCE SET; Schema: public; Owner: -
--

SELECT pg_catalog.setval('public.courses_test_id_seq', 4, true);


--
-- Name: courses_testresult_id_seq; Type: SEQUENCE SET; Schema: public; Owner: -
--

SELECT pg_catalog.setval('public.courses_testresult_id_seq', 48, true);


--
-- Name: courses_user_progerss_id_seq; Type: SEQUENCE SET; Schema: public; Owner: -
--

SELECT pg_catalog.setval('public.courses_user_progerss_id_seq', 37, true);


--
-- Name: django_admin_log_id_seq; Type: SEQUENCE SET; Schema: public; Owner: -
--

SELECT pg_catalog.setval('public.django_admin_log_id_seq', 47, true);


--
-- Name: django_content_type_id_seq; Type: SEQUENCE SET; Schema: public; Owner: -
--

SELECT pg_catalog.setval('public.django_content_type_id_seq', 19, true);


--
-- Name: django_migrations_id_seq; Type: SEQUENCE SET; Schema: public; Owner: -
--

SELECT pg_catalog.setval('public.django_migrations_id_seq', 38, true);


--
-- Name: notifications_notification_id_seq; Type: SEQUENCE SET; Schema: public; Owner: -
--

SELECT pg_catalog.setval('public.notifications_notification_id_seq', 43, true);


--
-- Name: users_customuser_groups_id_seq; Type: SEQUENCE SET; Schema: public; Owner: -
--

SELECT pg_catalog.setval('public.users_customuser_groups_id_seq', 1, false);


--
-- Name: users_customuser_id_seq; Type: SEQUENCE SET; Schema: public; Owner: -
--

SELECT pg_catalog.setval('public.users_customuser_id_seq', 7, true);


--
-- Name: users_customuser_user_permissions_id_seq; Type: SEQUENCE SET; Schema: public; Owner: -
--

SELECT pg_catalog.setval('public.users_customuser_user_permissions_id_seq', 1, false);


--
-- Name: adaptive_engine_adaptiverecomendation adaptive_engine_adaptiverecomendation_pkey; Type: CONSTRAINT; Schema: public; Owner: -
--

ALTER TABLE ONLY public.adaptive_engine_adaptiverecomendation
    ADD CONSTRAINT adaptive_engine_adaptiverecomendation_pkey PRIMARY KEY (id);


--
-- Name: auth_group auth_group_name_key; Type: CONSTRAINT; Schema: public; Owner: -
--

ALTER TABLE ONLY public.auth_group
    ADD CONSTRAINT auth_group_name_key UNIQUE (name);


--
-- Name: auth_group_permissions auth_group_permissions_group_id_permission_id_0cd325b0_uniq; Type: CONSTRAINT; Schema: public; Owner: -
--

ALTER TABLE ONLY public.auth_group_permissions
    ADD CONSTRAINT auth_group_permissions_group_id_permission_id_0cd325b0_uniq UNIQUE (group_id, permission_id);


--
-- Name: auth_group_permissions auth_group_permissions_pkey; Type: CONSTRAINT; Schema: public; Owner: -
--

ALTER TABLE ONLY public.auth_group_permissions
    ADD CONSTRAINT auth_group_permissions_pkey PRIMARY KEY (id);


--
-- Name: auth_group auth_group_pkey; Type: CONSTRAINT; Schema: public; Owner: -
--

ALTER TABLE ONLY public.auth_group
    ADD CONSTRAINT auth_group_pkey PRIMARY KEY (id);


--
-- Name: auth_permission auth_permission_content_type_id_codename_01ab375a_uniq; Type: CONSTRAINT; Schema: public; Owner: -
--

ALTER TABLE ONLY public.auth_permission
    ADD CONSTRAINT auth_permission_content_type_id_codename_01ab375a_uniq UNIQUE (content_type_id, codename);


--
-- Name: auth_permission auth_permission_pkey; Type: CONSTRAINT; Schema: public; Owner: -
--

ALTER TABLE ONLY public.auth_permission
    ADD CONSTRAINT auth_permission_pkey PRIMARY KEY (id);


--
-- Name: courses_answer courses_answer_pkey; Type: CONSTRAINT; Schema: public; Owner: -
--

ALTER TABLE ONLY public.courses_answer
    ADD CONSTRAINT courses_answer_pkey PRIMARY KEY (id);


--
-- Name: courses_course courses_course_pkey; Type: CONSTRAINT; Schema: public; Owner: -
--

ALTER TABLE ONLY public.courses_course
    ADD CONSTRAINT courses_course_pkey PRIMARY KEY (id);


--
-- Name: courses_lesson courses_lesson_pkey; Type: CONSTRAINT; Schema: public; Owner: -
--

ALTER TABLE ONLY public.courses_lesson
    ADD CONSTRAINT courses_lesson_pkey PRIMARY KEY (id);


--
-- Name: courses_lessonprogress courses_lessonprogress_pkey; Type: CONSTRAINT; Schema: public; Owner: -
--

ALTER TABLE ONLY public.courses_lessonprogress
    ADD CONSTRAINT courses_lessonprogress_pkey PRIMARY KEY (id);


--
-- Name: courses_lessonprogress courses_lessonprogress_user_id_id_lesson_id_id_d3956636_uniq; Type: CONSTRAINT; Schema: public; Owner: -
--

ALTER TABLE ONLY public.courses_lessonprogress
    ADD CONSTRAINT courses_lessonprogress_user_id_id_lesson_id_id_d3956636_uniq UNIQUE (user_id_id, lesson_id_id);


--
-- Name: courses_module courses_module_pkey; Type: CONSTRAINT; Schema: public; Owner: -
--

ALTER TABLE ONLY public.courses_module
    ADD CONSTRAINT courses_module_pkey PRIMARY KEY (id);


--
-- Name: courses_modulematerial courses_modulematerial_pkey; Type: CONSTRAINT; Schema: public; Owner: -
--

ALTER TABLE ONLY public.courses_modulematerial
    ADD CONSTRAINT courses_modulematerial_pkey PRIMARY KEY (id);


--
-- Name: courses_question courses_question_pkey; Type: CONSTRAINT; Schema: public; Owner: -
--

ALTER TABLE ONLY public.courses_question
    ADD CONSTRAINT courses_question_pkey PRIMARY KEY (id);


--
-- Name: courses_studentmaterialprogress courses_studentmaterialp_student_id_material_id_68550aab_uniq; Type: CONSTRAINT; Schema: public; Owner: -
--

ALTER TABLE ONLY public.courses_studentmaterialprogress
    ADD CONSTRAINT courses_studentmaterialp_student_id_material_id_68550aab_uniq UNIQUE (student_id, material_id);


--
-- Name: courses_studentmaterialprogress courses_studentmaterialprogress_pkey; Type: CONSTRAINT; Schema: public; Owner: -
--

ALTER TABLE ONLY public.courses_studentmaterialprogress
    ADD CONSTRAINT courses_studentmaterialprogress_pkey PRIMARY KEY (id);


--
-- Name: courses_test courses_test_pkey; Type: CONSTRAINT; Schema: public; Owner: -
--

ALTER TABLE ONLY public.courses_test
    ADD CONSTRAINT courses_test_pkey PRIMARY KEY (id);


--
-- Name: courses_testresult courses_testresult_pkey; Type: CONSTRAINT; Schema: public; Owner: -
--

ALTER TABLE ONLY public.courses_testresult
    ADD CONSTRAINT courses_testresult_pkey PRIMARY KEY (id);


--
-- Name: courses_user_progerss courses_user_progerss_pkey; Type: CONSTRAINT; Schema: public; Owner: -
--

ALTER TABLE ONLY public.courses_user_progerss
    ADD CONSTRAINT courses_user_progerss_pkey PRIMARY KEY (id);


--
-- Name: courses_user_progerss courses_user_progerss_user_id_id_module_id_id__e1b368dc_uniq; Type: CONSTRAINT; Schema: public; Owner: -
--

ALTER TABLE ONLY public.courses_user_progerss
    ADD CONSTRAINT courses_user_progerss_user_id_id_module_id_id__e1b368dc_uniq UNIQUE (user_id_id, module_id_id, lesson_id);


--
-- Name: django_admin_log django_admin_log_pkey; Type: CONSTRAINT; Schema: public; Owner: -
--

ALTER TABLE ONLY public.django_admin_log
    ADD CONSTRAINT django_admin_log_pkey PRIMARY KEY (id);


--
-- Name: django_content_type django_content_type_app_label_model_76bd3d3b_uniq; Type: CONSTRAINT; Schema: public; Owner: -
--

ALTER TABLE ONLY public.django_content_type
    ADD CONSTRAINT django_content_type_app_label_model_76bd3d3b_uniq UNIQUE (app_label, model);


--
-- Name: django_content_type django_content_type_pkey; Type: CONSTRAINT; Schema: public; Owner: -
--

ALTER TABLE ONLY public.django_content_type
    ADD CONSTRAINT django_content_type_pkey PRIMARY KEY (id);


--
-- Name: django_migrations django_migrations_pkey; Type: CONSTRAINT; Schema: public; Owner: -
--

ALTER TABLE ONLY public.django_migrations
    ADD CONSTRAINT django_migrations_pkey PRIMARY KEY (id);


--
-- Name: django_session django_session_pkey; Type: CONSTRAINT; Schema: public; Owner: -
--

ALTER TABLE ONLY public.django_session
    ADD CONSTRAINT django_session_pkey PRIMARY KEY (session_key);


--
-- Name: notifications_notification notifications_notification_pkey; Type: CONSTRAINT; Schema: public; Owner: -
--

ALTER TABLE ONLY public.notifications_notification
    ADD CONSTRAINT notifications_notification_pkey PRIMARY KEY (id);


--
-- Name: users_customuser_groups users_customuser_groups_customuser_id_group_id_76b619e3_uniq; Type: CONSTRAINT; Schema: public; Owner: -
--

ALTER TABLE ONLY public.users_customuser_groups
    ADD CONSTRAINT users_customuser_groups_customuser_id_group_id_76b619e3_uniq UNIQUE (customuser_id, group_id);


--
-- Name: users_customuser_groups users_customuser_groups_pkey; Type: CONSTRAINT; Schema: public; Owner: -
--

ALTER TABLE ONLY public.users_customuser_groups
    ADD CONSTRAINT users_customuser_groups_pkey PRIMARY KEY (id);


--
-- Name: users_customuser users_customuser_pkey; Type: CONSTRAINT; Schema: public; Owner: -
--

ALTER TABLE ONLY public.users_customuser
    ADD CONSTRAINT users_customuser_pkey PRIMARY KEY (id);


--
-- Name: users_customuser_user_permissions users_customuser_user_pe_customuser_id_permission_7a7debf6_uniq; Type: CONSTRAINT; Schema: public; Owner: -
--

ALTER TABLE ONLY public.users_customuser_user_permissions
    ADD CONSTRAINT users_customuser_user_pe_customuser_id_permission_7a7debf6_uniq UNIQUE (customuser_id, permission_id);


--
-- Name: users_customuser_user_permissions users_customuser_user_permissions_pkey; Type: CONSTRAINT; Schema: public; Owner: -
--

ALTER TABLE ONLY public.users_customuser_user_permissions
    ADD CONSTRAINT users_customuser_user_permissions_pkey PRIMARY KEY (id);


--
-- Name: users_customuser users_customuser_username_key; Type: CONSTRAINT; Schema: public; Owner: -
--

ALTER TABLE ONLY public.users_customuser
    ADD CONSTRAINT users_customuser_username_key UNIQUE (username);


--
-- Name: adaptive_engine_adaptiverecomendation_module_id_id_c6c2be1b; Type: INDEX; Schema: public; Owner: -
--

CREATE INDEX adaptive_engine_adaptiverecomendation_module_id_id_c6c2be1b ON public.adaptive_engine_adaptiverecomendation USING btree (module_id_id);


--
-- Name: adaptive_engine_adaptiverecomendation_user_id_id_6d630fb6; Type: INDEX; Schema: public; Owner: -
--

CREATE INDEX adaptive_engine_adaptiverecomendation_user_id_id_6d630fb6 ON public.adaptive_engine_adaptiverecomendation USING btree (user_id_id);


--
-- Name: auth_group_name_a6ea08ec_like; Type: INDEX; Schema: public; Owner: -
--

CREATE INDEX auth_group_name_a6ea08ec_like ON public.auth_group USING btree (name varchar_pattern_ops);


--
-- Name: auth_group_permissions_group_id_b120cbf9; Type: INDEX; Schema: public; Owner: -
--

CREATE INDEX auth_group_permissions_group_id_b120cbf9 ON public.auth_group_permissions USING btree (group_id);


--
-- Name: auth_group_permissions_permission_id_84c5c92e; Type: INDEX; Schema: public; Owner: -
--

CREATE INDEX auth_group_permissions_permission_id_84c5c92e ON public.auth_group_permissions USING btree (permission_id);


--
-- Name: auth_permission_content_type_id_2f476e4b; Type: INDEX; Schema: public; Owner: -
--

CREATE INDEX auth_permission_content_type_id_2f476e4b ON public.auth_permission USING btree (content_type_id);


--
-- Name: courses_answer_qustion_id_id_8e020a49; Type: INDEX; Schema: public; Owner: -
--

CREATE INDEX courses_answer_qustion_id_id_8e020a49 ON public.courses_answer USING btree (qustion_id_id);


--
-- Name: courses_course_author_id_9c5b6b34; Type: INDEX; Schema: public; Owner: -
--

CREATE INDEX courses_course_author_id_9c5b6b34 ON public.courses_course USING btree (author_id);


--
-- Name: courses_lesson_module_id_id_a381eea4; Type: INDEX; Schema: public; Owner: -
--

CREATE INDEX courses_lesson_module_id_id_a381eea4 ON public.courses_lesson USING btree (module_id_id);


--
-- Name: courses_lessonprogress_lesson_id_id_44e40cc3; Type: INDEX; Schema: public; Owner: -
--

CREATE INDEX courses_lessonprogress_lesson_id_id_44e40cc3 ON public.courses_lessonprogress USING btree (lesson_id_id);


--
-- Name: courses_lessonprogress_user_id_id_a1d81e3c; Type: INDEX; Schema: public; Owner: -
--

CREATE INDEX courses_lessonprogress_user_id_id_a1d81e3c ON public.courses_lessonprogress USING btree (user_id_id);


--
-- Name: courses_module_course_id_id_414519f9; Type: INDEX; Schema: public; Owner: -
--

CREATE INDEX courses_module_course_id_id_414519f9 ON public.courses_module USING btree (course_id_id);


--
-- Name: courses_modulematerial_module_id_6666f019; Type: INDEX; Schema: public; Owner: -
--

CREATE INDEX courses_modulematerial_module_id_6666f019 ON public.courses_modulematerial USING btree (module_id);


--
-- Name: courses_question_test_id_id_6aae940f; Type: INDEX; Schema: public; Owner: -
--

CREATE INDEX courses_question_test_id_id_6aae940f ON public.courses_question USING btree (test_id_id);


--
-- Name: courses_studentmaterialprogress_material_id_59049d63; Type: INDEX; Schema: public; Owner: -
--

CREATE INDEX courses_studentmaterialprogress_material_id_59049d63 ON public.courses_studentmaterialprogress USING btree (material_id);


--
-- Name: courses_studentmaterialprogress_student_id_c8c9d06b; Type: INDEX; Schema: public; Owner: -
--

CREATE INDEX courses_studentmaterialprogress_student_id_c8c9d06b ON public.courses_studentmaterialprogress USING btree (student_id);


--
-- Name: courses_test_module_id_id_ea894f29; Type: INDEX; Schema: public; Owner: -
--

CREATE INDEX courses_test_module_id_id_ea894f29 ON public.courses_test USING btree (module_id_id);


--
-- Name: courses_testresult_module_id_id_a72e33b5; Type: INDEX; Schema: public; Owner: -
--

CREATE INDEX courses_testresult_module_id_id_a72e33b5 ON public.courses_testresult USING btree (module_id_id);


--
-- Name: courses_testresult_question_id_3d26899b; Type: INDEX; Schema: public; Owner: -
--

CREATE INDEX courses_testresult_question_id_3d26899b ON public.courses_testresult USING btree (question_id);


--
-- Name: courses_testresult_selected_answer_id_6dd03d8b; Type: INDEX; Schema: public; Owner: -
--

CREATE INDEX courses_testresult_selected_answer_id_6dd03d8b ON public.courses_testresult USING btree (selected_answer_id);


--
-- Name: courses_testresult_user_id_id_6c0fdccb; Type: INDEX; Schema: public; Owner: -
--

CREATE INDEX courses_testresult_user_id_id_6c0fdccb ON public.courses_testresult USING btree (user_id_id);


--
-- Name: courses_user_progerss_lesson_id_517183a5; Type: INDEX; Schema: public; Owner: -
--

CREATE INDEX courses_user_progerss_lesson_id_517183a5 ON public.courses_user_progerss USING btree (lesson_id);


--
-- Name: courses_user_progerss_module_id_id_5512dcca; Type: INDEX; Schema: public; Owner: -
--

CREATE INDEX courses_user_progerss_module_id_id_5512dcca ON public.courses_user_progerss USING btree (module_id_id);


--
-- Name: courses_user_progerss_user_id_id_af7cb8d7; Type: INDEX; Schema: public; Owner: -
--

CREATE INDEX courses_user_progerss_user_id_id_af7cb8d7 ON public.courses_user_progerss USING btree (user_id_id);


--
-- Name: django_admin_log_content_type_id_c4bce8eb; Type: INDEX; Schema: public; Owner: -
--

CREATE INDEX django_admin_log_content_type_id_c4bce8eb ON public.django_admin_log USING btree (content_type_id);


--
-- Name: django_admin_log_user_id_c564eba6; Type: INDEX; Schema: public; Owner: -
--

CREATE INDEX django_admin_log_user_id_c564eba6 ON public.django_admin_log USING btree (user_id);


--
-- Name: django_session_expire_date_a5c62663; Type: INDEX; Schema: public; Owner: -
--

CREATE INDEX django_session_expire_date_a5c62663 ON public.django_session USING btree (expire_date);


--
-- Name: django_session_session_key_c0390e0f_like; Type: INDEX; Schema: public; Owner: -
--

CREATE INDEX django_session_session_key_c0390e0f_like ON public.django_session USING btree (session_key varchar_pattern_ops);


--
-- Name: notifications_notification_user_id_b5e8c0ff; Type: INDEX; Schema: public; Owner: -
--

CREATE INDEX notifications_notification_user_id_b5e8c0ff ON public.notifications_notification USING btree (user_id);


--
-- Name: users_customuser_groups_customuser_id_958147bf; Type: INDEX; Schema: public; Owner: -
--

CREATE INDEX users_customuser_groups_customuser_id_958147bf ON public.users_customuser_groups USING btree (customuser_id);


--
-- Name: users_customuser_groups_group_id_01390b14; Type: INDEX; Schema: public; Owner: -
--

CREATE INDEX users_customuser_groups_group_id_01390b14 ON public.users_customuser_groups USING btree (group_id);


--
-- Name: users_customuser_user_permissions_customuser_id_5771478b; Type: INDEX; Schema: public; Owner: -
--

CREATE INDEX users_customuser_user_permissions_customuser_id_5771478b ON public.users_customuser_user_permissions USING btree (customuser_id);


--
-- Name: users_customuser_user_permissions_permission_id_baaa2f74; Type: INDEX; Schema: public; Owner: -
--

CREATE INDEX users_customuser_user_permissions_permission_id_baaa2f74 ON public.users_customuser_user_permissions USING btree (permission_id);


--
-- Name: users_customuser_username_80452fdf_like; Type: INDEX; Schema: public; Owner: -
--

CREATE INDEX users_customuser_username_80452fdf_like ON public.users_customuser USING btree (username varchar_pattern_ops);


--
-- Name: adaptive_engine_adaptiverecomendation adaptive_engine_adap_module_id_id_c6c2be1b_fk_courses_m; Type: FK CONSTRAINT; Schema: public; Owner: -
--

ALTER TABLE ONLY public.adaptive_engine_adaptiverecomendation
    ADD CONSTRAINT adaptive_engine_adap_module_id_id_c6c2be1b_fk_courses_m FOREIGN KEY (module_id_id) REFERENCES public.courses_module(id) DEFERRABLE INITIALLY DEFERRED;


--
-- Name: adaptive_engine_adaptiverecomendation adaptive_engine_adap_user_id_id_6d630fb6_fk_users_cus; Type: FK CONSTRAINT; Schema: public; Owner: -
--

ALTER TABLE ONLY public.adaptive_engine_adaptiverecomendation
    ADD CONSTRAINT adaptive_engine_adap_user_id_id_6d630fb6_fk_users_cus FOREIGN KEY (user_id_id) REFERENCES public.users_customuser(id) DEFERRABLE INITIALLY DEFERRED;


--
-- Name: auth_group_permissions auth_group_permissio_permission_id_84c5c92e_fk_auth_perm; Type: FK CONSTRAINT; Schema: public; Owner: -
--

ALTER TABLE ONLY public.auth_group_permissions
    ADD CONSTRAINT auth_group_permissio_permission_id_84c5c92e_fk_auth_perm FOREIGN KEY (permission_id) REFERENCES public.auth_permission(id) DEFERRABLE INITIALLY DEFERRED;


--
-- Name: auth_group_permissions auth_group_permissions_group_id_b120cbf9_fk_auth_group_id; Type: FK CONSTRAINT; Schema: public; Owner: -
--

ALTER TABLE ONLY public.auth_group_permissions
    ADD CONSTRAINT auth_group_permissions_group_id_b120cbf9_fk_auth_group_id FOREIGN KEY (group_id) REFERENCES public.auth_group(id) DEFERRABLE INITIALLY DEFERRED;


--
-- Name: auth_permission auth_permission_content_type_id_2f476e4b_fk_django_co; Type: FK CONSTRAINT; Schema: public; Owner: -
--

ALTER TABLE ONLY public.auth_permission
    ADD CONSTRAINT auth_permission_content_type_id_2f476e4b_fk_django_co FOREIGN KEY (content_type_id) REFERENCES public.django_content_type(id) DEFERRABLE INITIALLY DEFERRED;


--
-- Name: courses_answer courses_answer_qustion_id_id_8e020a49_fk_courses_question_id; Type: FK CONSTRAINT; Schema: public; Owner: -
--

ALTER TABLE ONLY public.courses_answer
    ADD CONSTRAINT courses_answer_qustion_id_id_8e020a49_fk_courses_question_id FOREIGN KEY (qustion_id_id) REFERENCES public.courses_question(id) DEFERRABLE INITIALLY DEFERRED;


--
-- Name: courses_course courses_course_author_id_9c5b6b34_fk_users_customuser_id; Type: FK CONSTRAINT; Schema: public; Owner: -
--

ALTER TABLE ONLY public.courses_course
    ADD CONSTRAINT courses_course_author_id_9c5b6b34_fk_users_customuser_id FOREIGN KEY (author_id) REFERENCES public.users_customuser(id) DEFERRABLE INITIALLY DEFERRED;


--
-- Name: courses_lesson courses_lesson_module_id_id_a381eea4_fk_courses_module_id; Type: FK CONSTRAINT; Schema: public; Owner: -
--

ALTER TABLE ONLY public.courses_lesson
    ADD CONSTRAINT courses_lesson_module_id_id_a381eea4_fk_courses_module_id FOREIGN KEY (module_id_id) REFERENCES public.courses_module(id) DEFERRABLE INITIALLY DEFERRED;


--
-- Name: courses_lessonprogress courses_lessonprogre_lesson_id_id_44e40cc3_fk_courses_l; Type: FK CONSTRAINT; Schema: public; Owner: -
--

ALTER TABLE ONLY public.courses_lessonprogress
    ADD CONSTRAINT courses_lessonprogre_lesson_id_id_44e40cc3_fk_courses_l FOREIGN KEY (lesson_id_id) REFERENCES public.courses_lesson(id) DEFERRABLE INITIALLY DEFERRED;


--
-- Name: courses_lessonprogress courses_lessonprogre_user_id_id_a1d81e3c_fk_users_cus; Type: FK CONSTRAINT; Schema: public; Owner: -
--

ALTER TABLE ONLY public.courses_lessonprogress
    ADD CONSTRAINT courses_lessonprogre_user_id_id_a1d81e3c_fk_users_cus FOREIGN KEY (user_id_id) REFERENCES public.users_customuser(id) DEFERRABLE INITIALLY DEFERRED;


--
-- Name: courses_module courses_module_course_id_id_414519f9_fk_courses_course_id; Type: FK CONSTRAINT; Schema: public; Owner: -
--

ALTER TABLE ONLY public.courses_module
    ADD CONSTRAINT courses_module_course_id_id_414519f9_fk_courses_course_id FOREIGN KEY (course_id_id) REFERENCES public.courses_course(id) DEFERRABLE INITIALLY DEFERRED;


--
-- Name: courses_modulematerial courses_modulematerial_module_id_6666f019_fk_courses_module_id; Type: FK CONSTRAINT; Schema: public; Owner: -
--

ALTER TABLE ONLY public.courses_modulematerial
    ADD CONSTRAINT courses_modulematerial_module_id_6666f019_fk_courses_module_id FOREIGN KEY (module_id) REFERENCES public.courses_module(id) DEFERRABLE INITIALLY DEFERRED;


--
-- Name: courses_question courses_question_test_id_id_6aae940f_fk_courses_test_id; Type: FK CONSTRAINT; Schema: public; Owner: -
--

ALTER TABLE ONLY public.courses_question
    ADD CONSTRAINT courses_question_test_id_id_6aae940f_fk_courses_test_id FOREIGN KEY (test_id_id) REFERENCES public.courses_test(id) DEFERRABLE INITIALLY DEFERRED;


--
-- Name: courses_studentmaterialprogress courses_studentmater_material_id_59049d63_fk_courses_m; Type: FK CONSTRAINT; Schema: public; Owner: -
--

ALTER TABLE ONLY public.courses_studentmaterialprogress
    ADD CONSTRAINT courses_studentmater_material_id_59049d63_fk_courses_m FOREIGN KEY (material_id) REFERENCES public.courses_modulematerial(id) DEFERRABLE INITIALLY DEFERRED;


--
-- Name: courses_studentmaterialprogress courses_studentmater_student_id_c8c9d06b_fk_users_cus; Type: FK CONSTRAINT; Schema: public; Owner: -
--

ALTER TABLE ONLY public.courses_studentmaterialprogress
    ADD CONSTRAINT courses_studentmater_student_id_c8c9d06b_fk_users_cus FOREIGN KEY (student_id) REFERENCES public.users_customuser(id) DEFERRABLE INITIALLY DEFERRED;


--
-- Name: courses_test courses_test_module_id_id_ea894f29_fk_courses_module_id; Type: FK CONSTRAINT; Schema: public; Owner: -
--

ALTER TABLE ONLY public.courses_test
    ADD CONSTRAINT courses_test_module_id_id_ea894f29_fk_courses_module_id FOREIGN KEY (module_id_id) REFERENCES public.courses_module(id) DEFERRABLE INITIALLY DEFERRED;


--
-- Name: courses_testresult courses_testresult_module_id_id_a72e33b5_fk_courses_module_id; Type: FK CONSTRAINT; Schema: public; Owner: -
--

ALTER TABLE ONLY public.courses_testresult
    ADD CONSTRAINT courses_testresult_module_id_id_a72e33b5_fk_courses_module_id FOREIGN KEY (module_id_id) REFERENCES public.courses_module(id) DEFERRABLE INITIALLY DEFERRED;


--
-- Name: courses_testresult courses_testresult_question_id_3d26899b_fk_courses_question_id; Type: FK CONSTRAINT; Schema: public; Owner: -
--

ALTER TABLE ONLY public.courses_testresult
    ADD CONSTRAINT courses_testresult_question_id_3d26899b_fk_courses_question_id FOREIGN KEY (question_id) REFERENCES public.courses_question(id) DEFERRABLE INITIALLY DEFERRED;


--
-- Name: courses_testresult courses_testresult_selected_answer_id_6dd03d8b_fk_courses_a; Type: FK CONSTRAINT; Schema: public; Owner: -
--

ALTER TABLE ONLY public.courses_testresult
    ADD CONSTRAINT courses_testresult_selected_answer_id_6dd03d8b_fk_courses_a FOREIGN KEY (selected_answer_id) REFERENCES public.courses_answer(id) DEFERRABLE INITIALLY DEFERRED;


--
-- Name: courses_testresult courses_testresult_user_id_id_6c0fdccb_fk_users_customuser_id; Type: FK CONSTRAINT; Schema: public; Owner: -
--

ALTER TABLE ONLY public.courses_testresult
    ADD CONSTRAINT courses_testresult_user_id_id_6c0fdccb_fk_users_customuser_id FOREIGN KEY (user_id_id) REFERENCES public.users_customuser(id) DEFERRABLE INITIALLY DEFERRED;


--
-- Name: courses_user_progerss courses_user_progers_module_id_id_5512dcca_fk_courses_m; Type: FK CONSTRAINT; Schema: public; Owner: -
--

ALTER TABLE ONLY public.courses_user_progerss
    ADD CONSTRAINT courses_user_progers_module_id_id_5512dcca_fk_courses_m FOREIGN KEY (module_id_id) REFERENCES public.courses_module(id) DEFERRABLE INITIALLY DEFERRED;


--
-- Name: courses_user_progerss courses_user_progers_user_id_id_af7cb8d7_fk_users_cus; Type: FK CONSTRAINT; Schema: public; Owner: -
--

ALTER TABLE ONLY public.courses_user_progerss
    ADD CONSTRAINT courses_user_progers_user_id_id_af7cb8d7_fk_users_cus FOREIGN KEY (user_id_id) REFERENCES public.users_customuser(id) DEFERRABLE INITIALLY DEFERRED;


--
-- Name: courses_user_progerss courses_user_progerss_lesson_id_517183a5_fk_courses_lesson_id; Type: FK CONSTRAINT; Schema: public; Owner: -
--

ALTER TABLE ONLY public.courses_user_progerss
    ADD CONSTRAINT courses_user_progerss_lesson_id_517183a5_fk_courses_lesson_id FOREIGN KEY (lesson_id) REFERENCES public.courses_lesson(id) DEFERRABLE INITIALLY DEFERRED;


--
-- Name: django_admin_log django_admin_log_content_type_id_c4bce8eb_fk_django_co; Type: FK CONSTRAINT; Schema: public; Owner: -
--

ALTER TABLE ONLY public.django_admin_log
    ADD CONSTRAINT django_admin_log_content_type_id_c4bce8eb_fk_django_co FOREIGN KEY (content_type_id) REFERENCES public.django_content_type(id) DEFERRABLE INITIALLY DEFERRED;


--
-- Name: django_admin_log django_admin_log_user_id_c564eba6_fk_users_customuser_id; Type: FK CONSTRAINT; Schema: public; Owner: -
--

ALTER TABLE ONLY public.django_admin_log
    ADD CONSTRAINT django_admin_log_user_id_c564eba6_fk_users_customuser_id FOREIGN KEY (user_id) REFERENCES public.users_customuser(id) DEFERRABLE INITIALLY DEFERRED;


--
-- Name: notifications_notification notifications_notifi_user_id_b5e8c0ff_fk_users_cus; Type: FK CONSTRAINT; Schema: public; Owner: -
--

ALTER TABLE ONLY public.notifications_notification
    ADD CONSTRAINT notifications_notifi_user_id_b5e8c0ff_fk_users_cus FOREIGN KEY (user_id) REFERENCES public.users_customuser(id) DEFERRABLE INITIALLY DEFERRED;


--
-- Name: users_customuser_groups users_customuser_gro_customuser_id_958147bf_fk_users_cus; Type: FK CONSTRAINT; Schema: public; Owner: -
--

ALTER TABLE ONLY public.users_customuser_groups
    ADD CONSTRAINT users_customuser_gro_customuser_id_958147bf_fk_users_cus FOREIGN KEY (customuser_id) REFERENCES public.users_customuser(id) DEFERRABLE INITIALLY DEFERRED;


--
-- Name: users_customuser_groups users_customuser_groups_group_id_01390b14_fk_auth_group_id; Type: FK CONSTRAINT; Schema: public; Owner: -
--

ALTER TABLE ONLY public.users_customuser_groups
    ADD CONSTRAINT users_customuser_groups_group_id_01390b14_fk_auth_group_id FOREIGN KEY (group_id) REFERENCES public.auth_group(id) DEFERRABLE INITIALLY DEFERRED;


--
-- Name: users_customuser_user_permissions users_customuser_use_customuser_id_5771478b_fk_users_cus; Type: FK CONSTRAINT; Schema: public; Owner: -
--

ALTER TABLE ONLY public.users_customuser_user_permissions
    ADD CONSTRAINT users_customuser_use_customuser_id_5771478b_fk_users_cus FOREIGN KEY (customuser_id) REFERENCES public.users_customuser(id) DEFERRABLE INITIALLY DEFERRED;


--
-- Name: users_customuser_user_permissions users_customuser_use_permission_id_baaa2f74_fk_auth_perm; Type: FK CONSTRAINT; Schema: public; Owner: -
--

ALTER TABLE ONLY public.users_customuser_user_permissions
    ADD CONSTRAINT users_customuser_use_permission_id_baaa2f74_fk_auth_perm FOREIGN KEY (permission_id) REFERENCES public.auth_permission(id) DEFERRABLE INITIALLY DEFERRED;


--
-- PostgreSQL database dump complete
--

